"","MPA Name","Number of Observations","Mean Place Attachment","Median Place Attachment","Variance Place Attachment","SD Place Attachment"
"1","Kaimana MPA",65,3.95769230769231,3.96,0.0279680288461538,0.16723644592658
"2","Kofiau dan Pulau  Boo MPA",32,4.03625,4.03,0.0093983870967742,0.0969452788782115
"3","Misool Selatan Timur MPA",76,3.99342105263158,4.02,0.0245294736842105,0.156618880356777
"4","Selat Dampier MPA",67,3.97149253731343,3.95,0.0319795567616463,0.178828288482685
"5","Teluk Cenderawasih NP",119,4.02411764705882,4.02,0.0338600199401795,0.184010923426245
"6","Teluk Mayalibit MPA",52,4.1375,3.995,0.135728921568627,0.368414062664046
